{
  "case_a": {
    "total_floor_area": 1320,
    "far": 0.890688,
    "site_coverage": 0.52128,
    "compactness": 2.624126,
    "terrace_floor_ratio": 0.321227,
    "annual_cooling_kwh": 4.958499,
    "annual_heating_kwh": 26.180664,
    "far_rectangular": 0.699894,
    "site_coverage_rectangular": 0.409617,
    "irradiation_8x": [260.725178, 476.605759, 735.028229, 753.826976, 633.206698, 570.30562, 495.058324, 320.758421],
    "irradiation_4x": [260.725178, 735.028229, 633.206698, 495.058324]
  },
  "case_b": {
    "total_floor_area": 5328,
    "far": 3.595142,
    "site_coverage": 0.642816,
    "compactness": 4.28465,
    "terrace_floor_ratio": 0.253332,
    "annual_cooling_kwh": 11.088295,
    "annual_heating_kwh": 14.490438,
    "far_rectangular": 2.825027,
    "site_coverage_rectangular": 0.505118,
    "irradiation_8x": [260.725178, 476.605759, 735.028229, 753.826976, 633.206698, 570.30562, 495.058324, 320.758421],
    "irradiation_4x": [260.725178, 735.028229, 633.206698, 495.058324]
  }
}
